#,Name,Type 1,Type 2,total2,Total,HP,Attack,Defense,Sp. Atk,Sp. Def,Speed,Generation,Legendary,Total of HP and Attack
1,Bulbasaur,Grass,Poison,636,318,45,49,49,65,65,45,1,False,94
2,Ivysaur,Grass,Poison,810,405,60,62,63,80,80,60,1,False,122
3,Venusaur,Grass,Poison,1050,525,80,82,83,100,100,80,1,False,162
3,VenusaurMega Venusaur,Grass,Poison,1250,625,80,100,123,122,120,80,1,False,180
4,Charmander,Fire,,618,309,39,52,43,60,50,65,1,False,91
5,Charmeleon,Fire,,810,405,58,64,58,80,65,80,1,False,122
6,Charizard,Fire,Flying,1068,534,78,84,78,109,85,100,1,False,162
6,CharizardMega Charizard X,Fire,Dragon,1268,634,78,130,111,130,85,100,1,False,208
6,CharizardMega Charizard Y,Fire,Flying,1268,634,78,104,78,159,115,100,1,False,182
7,Squirtle,Water,,628,314,44,48,65,50,64,43,1,False,92
8,Wartortle,Water,,810,405,59,63,80,65,80,58,1,False,122
9,Blastoise,Water,,1060,530,79,83,100,85,105,78,1,False,162
9,BlastoiseMega Blastoise,Water,,1260,630,79,103,120,135,115,78,1,False,182
10,Caterpie,Bug,,390,195,45,30,35,20,20,45,1,False,75
11,Metapod,Bug,,410,205,50,20,55,25,25,30,1,False,70
12,Butterfree,Bug,Flying,790,395,60,45,50,90,80,70,1,False,105
13,Weedle,Bug,Poison,390,195,40,35,30,20,20,50,1,False,75
14,Kakuna,Bug,Poison,410,205,45,25,50,25,25,35,1,False,70
15,Beedrill,Bug,Poison,790,395,65,90,40,45,80,75,1,False,155
15,BeedrillMega Beedrill,Bug,Poison,990,495,65,150,40,15,80,145,1,False,215
16,Pidgey,Normal,Flying,502,251,40,45,40,35,35,56,1,False,85
17,Pidgeotto,Normal,Flying,698,349,63,60,55,50,50,71,1,False,123
18,Pidgeot,Normal,Flying,958,479,83,80,75,70,70,101,1,False,163
18,PidgeotMega Pidgeot,Normal,Flying,1158,579,83,80,80,135,80,121,1,False,163
19,Rattata,Normal,,506,253,30,56,35,25,35,72,1,False,86
20,Raticate,Normal,,826,413,55,81,60,50,70,97,1,False,136
21,Spearow,Normal,Flying,524,262,40,60,30,31,31,70,1,False,100
22,Fearow,Normal,Flying,884,442,65,90,65,61,61,100,1,False,155
23,Ekans,Poison,,576,288,35,60,44,40,54,55,1,False,95
24,Arbok,Poison,,876,438,60,85,69,65,79,80,1,False,145
25,Pikachu,Electric,,640,320,35,55,40,50,50,90,1,False,90
26,Raichu,Electric,,970,485,60,90,55,90,80,110,1,False,150
27,Sandshrew,Ground,,600,300,50,75,85,20,30,40,1,False,125
28,Sandslash,Ground,,900,450,75,100,110,45,55,65,1,False,175
29,Nidoran♀,Poison,,550,275,55,47,52,40,40,41,1,False,102
30,Nidorina,Poison,,730,365,70,62,67,55,55,56,1,False,132
31,Nidoqueen,Poison,Ground,1010,505,90,92,87,75,85,76,1,False,182
32,Nidoran♂,Poison,,546,273,46,57,40,40,40,50,1,False,103
33,Nidorino,Poison,,730,365,61,72,57,55,55,65,1,False,133
34,Nidoking,Poison,Ground,1010,505,81,102,77,85,75,85,1,False,183
35,Clefairy,Fairy,,646,323,70,45,48,60,65,35,1,False,115
36,Clefable,Fairy,,966,483,95,70,73,95,90,60,1,False,165
37,Vulpix,Fire,,598,299,38,41,40,50,65,65,1,False,79
38,Ninetales,Fire,,1010,505,73,76,75,81,100,100,1,False,149
39,Jigglypuff,Normal,Fairy,540,270,115,45,20,45,25,20,1,False,160
40,Wigglytuff,Normal,Fairy,870,435,140,70,45,85,50,45,1,False,210
41,Zubat,Poison,Flying,490,245,40,45,35,30,40,55,1,False,85
42,Golbat,Poison,Flying,910,455,75,80,70,65,75,90,1,False,155
43,Oddish,Grass,Poison,640,320,45,50,55,75,65,30,1,False,95
44,Gloom,Grass,Poison,790,395,60,65,70,85,75,40,1,False,125
45,Vileplume,Grass,Poison,980,490,75,80,85,110,90,50,1,False,155
46,Paras,Bug,Grass,570,285,35,70,55,45,55,25,1,False,105
47,Parasect,Bug,Grass,810,405,60,95,80,60,80,30,1,False,155
48,Venonat,Bug,Poison,610,305,60,55,50,40,55,45,1,False,115
49,Venomoth,Bug,Poison,900,450,70,65,60,90,75,90,1,False,135
50,Diglett,Ground,,530,265,10,55,25,35,45,95,1,False,65
51,Dugtrio,Ground,,810,405,35,80,50,50,70,120,1,False,115
52,Meowth,Normal,,580,290,40,45,35,40,40,90,1,False,85
53,Persian,Normal,,880,440,65,70,60,65,65,115,1,False,135
54,Psyduck,Water,,640,320,50,52,48,65,50,55,1,False,102
55,Golduck,Water,,1000,500,80,82,78,95,80,85,1,False,162
56,Mankey,Fighting,,610,305,40,80,35,35,45,70,1,False,120
57,Primeape,Fighting,,910,455,65,105,60,60,70,95,1,False,170
58,Growlithe,Fire,,700,350,55,70,45,70,50,60,1,False,125
59,Arcanine,Fire,,1110,555,90,110,80,100,80,95,1,False,200
60,Poliwag,Water,,600,300,40,50,40,40,40,90,1,False,90
61,Poliwhirl,Water,,770,385,65,65,65,50,50,90,1,False,130
62,Poliwrath,Water,Fighting,1020,510,90,95,95,70,90,70,1,False,185
63,Abra,Psychic,,620,310,25,20,15,105,55,90,1,False,45
64,Kadabra,Psychic,,800,400,40,35,30,120,70,105,1,False,75
65,Alakazam,Psychic,,1000,500,55,50,45,135,95,120,1,False,105
65,AlakazamMega Alakazam,Psychic,,1180,590,55,50,65,175,95,150,1,False,105
66,Machop,Fighting,,610,305,70,80,50,35,35,35,1,False,150
67,Machoke,Fighting,,810,405,80,100,70,50,60,45,1,False,180
68,Machamp,Fighting,,1010,505,90,130,80,65,85,55,1,False,220
69,Bellsprout,Grass,Poison,600,300,50,75,35,70,30,40,1,False,125
70,Weepinbell,Grass,Poison,780,390,65,90,50,85,45,55,1,False,155
71,Victreebel,Grass,Poison,980,490,80,105,65,100,70,70,1,False,185
72,Tentacool,Water,Poison,670,335,40,40,35,50,100,70,1,False,80
73,Tentacruel,Water,Poison,1030,515,80,70,65,80,120,100,1,False,150
74,Geodude,Rock,Ground,600,300,40,80,100,30,30,20,1,False,120
75,Graveler,Rock,Ground,780,390,55,95,115,45,45,35,1,False,150
76,Golem,Rock,Ground,990,495,80,120,130,55,65,45,1,False,200
77,Ponyta,Fire,,820,410,50,85,55,65,65,90,1,False,135
78,Rapidash,Fire,,1000,500,65,100,70,80,80,105,1,False,165
79,Slowpoke,Water,Psychic,630,315,90,65,65,40,40,15,1,False,155
80,Slowbro,Water,Psychic,980,490,95,75,110,100,80,30,1,False,170
80,SlowbroMega Slowbro,Water,Psychic,1180,590,95,75,180,130,80,30,1,False,170
81,Magnemite,Electric,Steel,650,325,25,35,70,95,55,45,1,False,60
82,Magneton,Electric,Steel,930,465,50,60,95,120,70,70,1,False,110
83,Farfetch'd,Normal,Flying,704,352,52,65,55,58,62,60,1,False,117
84,Doduo,Normal,Flying,620,310,35,85,45,35,35,75,1,False,120
85,Dodrio,Normal,Flying,920,460,60,110,70,60,60,100,1,False,170
86,Seel,Water,,650,325,65,45,55,45,70,45,1,False,110
87,Dewgong,Water,Ice,950,475,90,70,80,70,95,70,1,False,160
88,Grimer,Poison,,650,325,80,80,50,40,50,25,1,False,160
89,Muk,Poison,,1000,500,105,105,75,65,100,50,1,False,210
90,Shellder,Water,,610,305,30,65,100,45,25,40,1,False,95
91,Cloyster,Water,Ice,1050,525,50,95,180,85,45,70,1,False,145
92,Gastly,Ghost,Poison,620,310,30,35,30,100,35,80,1,False,65
93,Haunter,Ghost,Poison,810,405,45,50,45,115,55,95,1,False,95
94,Gengar,Ghost,Poison,1000,500,60,65,60,130,75,110,1,False,125
94,GengarMega Gengar,Ghost,Poison,1200,600,60,65,80,170,95,130,1,False,125
95,Onix,Rock,Ground,770,385,35,45,160,30,45,70,1,False,80
96,Drowzee,Psychic,,656,328,60,48,45,43,90,42,1,False,108
97,Hypno,Psychic,,966,483,85,73,70,73,115,67,1,False,158
98,Krabby,Water,,650,325,30,105,90,25,25,50,1,False,135
99,Kingler,Water,,950,475,55,130,115,50,50,75,1,False,185
100,Voltorb,Electric,,660,330,40,30,50,55,55,100,1,False,70
101,Electrode,Electric,,960,480,60,50,70,80,80,140,1,False,110
102,Exeggcute,Grass,Psychic,650,325,60,40,80,60,45,40,1,False,100
103,Exeggutor,Grass,Psychic,1040,520,95,95,85,125,65,55,1,False,190
104,Cubone,Ground,,640,320,50,50,95,40,50,35,1,False,100
105,Marowak,Ground,,850,425,60,80,110,50,80,45,1,False,140
106,Hitmonlee,Fighting,,910,455,50,120,53,35,110,87,1,False,170
107,Hitmonchan,Fighting,,910,455,50,105,79,35,110,76,1,False,155
108,Lickitung,Normal,,770,385,90,55,75,60,75,30,1,False,145
109,Koffing,Poison,,680,340,40,65,95,60,45,35,1,False,105
110,Weezing,Poison,,980,490,65,90,120,85,70,60,1,False,155
111,Rhyhorn,Ground,Rock,690,345,80,85,95,30,30,25,1,False,165
112,Rhydon,Ground,Rock,970,485,105,130,120,45,45,40,1,False,235
113,Chansey,Normal,,900,450,250,5,5,35,105,50,1,False,255
114,Tangela,Grass,,870,435,65,55,115,100,40,60,1,False,120
115,Kangaskhan,Normal,,980,490,105,95,80,40,80,90,1,False,200
115,KangaskhanMega Kangaskhan,Normal,,1180,590,105,125,100,60,100,100,1,False,230
116,Horsea,Water,,590,295,30,40,70,70,25,60,1,False,70
117,Seadra,Water,,880,440,55,65,95,95,45,85,1,False,120
118,Goldeen,Water,,640,320,45,67,60,35,50,63,1,False,112
119,Seaking,Water,,900,450,80,92,65,65,80,68,1,False,172
120,Staryu,Water,,680,340,30,45,55,70,55,85,1,False,75
121,Starmie,Water,Psychic,1040,520,60,75,85,100,85,115,1,False,135
122,Mr. Mime,Psychic,Fairy,920,460,40,45,65,100,120,90,1,False,85
123,Scyther,Bug,Flying,1000,500,70,110,80,55,80,105,1,False,180
124,Jynx,Ice,Psychic,910,455,65,50,35,115,95,95,1,False,115
125,Electabuzz,Electric,,980,490,65,83,57,95,85,105,1,False,148
126,Magmar,Fire,,990,495,65,95,57,100,85,93,1,False,160
127,Pinsir,Bug,,1000,500,65,125,100,55,70,85,1,False,190
127,PinsirMega Pinsir,Bug,Flying,1200,600,65,155,120,65,90,105,1,False,220
128,Tauros,Normal,,980,490,75,100,95,40,70,110,1,False,175
129,Magikarp,Water,,400,200,20,10,55,15,20,80,1,False,30
130,Gyarados,Water,Flying,1080,540,95,125,79,60,100,81,1,False,220
130,GyaradosMega Gyarados,Water,Dark,1280,640,95,155,109,70,130,81,1,False,250
131,Lapras,Water,Ice,1070,535,130,85,80,85,95,60,1,False,215
132,Ditto,Normal,,576,288,48,48,48,48,48,48,1,False,96
133,Eevee,Normal,,650,325,55,55,50,45,65,55,1,False,110
134,Vaporeon,Water,,1050,525,130,65,60,110,95,65,1,False,195
135,Jolteon,Electric,,1050,525,65,65,60,110,95,130,1,False,130
136,Flareon,Fire,,1050,525,65,130,60,95,110,65,1,False,195
137,Porygon,Normal,,790,395,65,60,70,85,75,40,1,False,125
138,Omanyte,Rock,Water,710,355,35,40,100,90,55,35,1,False,75
139,Omastar,Rock,Water,990,495,70,60,125,115,70,55,1,False,130
140,Kabuto,Rock,Water,710,355,30,80,90,55,45,55,1,False,110
141,Kabutops,Rock,Water,990,495,60,115,105,65,70,80,1,False,175
142,Aerodactyl,Rock,Flying,1030,515,80,105,65,60,75,130,1,False,185
142,AerodactylMega Aerodactyl,Rock,Flying,1230,615,80,135,85,70,95,150,1,False,215
143,Snorlax,Normal,,1080,540,160,110,65,65,110,30,1,False,270
144,Articuno,Ice,Flying,1160,580,90,85,100,95,125,85,1,True,175
145,Zapdos,Electric,Flying,1160,580,90,90,85,125,90,100,1,True,180
146,Moltres,Fire,Flying,1160,580,90,100,90,125,85,90,1,True,190
147,Dratini,Dragon,,600,300,41,64,45,50,50,50,1,False,105
148,Dragonair,Dragon,,840,420,61,84,65,70,70,70,1,False,145
149,Dragonite,Dragon,Flying,1200,600,91,134,95,100,100,80,1,False,225
150,Mewtwo,Psychic,,1360,680,106,110,90,154,90,130,1,True,216
150,MewtwoMega Mewtwo X,Psychic,Fighting,1560,780,106,190,100,154,100,130,1,True,296
150,MewtwoMega Mewtwo Y,Psychic,,1560,780,106,150,70,194,120,140,1,True,256
151,Mew,Psychic,,1200,600,100,100,100,100,100,100,1,False,200
152,Chikorita,Grass,,636,318,45,49,65,49,65,45,2,False,94
153,Bayleef,Grass,,810,405,60,62,80,63,80,60,2,False,122
154,Meganium,Grass,,1050,525,80,82,100,83,100,80,2,False,162
155,Cyndaquil,Fire,,618,309,39,52,43,60,50,65,2,False,91
156,Quilava,Fire,,810,405,58,64,58,80,65,80,2,False,122
157,Typhlosion,Fire,,1068,534,78,84,78,109,85,100,2,False,162
158,Totodile,Water,,628,314,50,65,64,44,48,43,2,False,115
159,Croconaw,Water,,810,405,65,80,80,59,63,58,2,False,145
160,Feraligatr,Water,,1060,530,85,105,100,79,83,78,2,False,190
161,Sentret,Normal,,430,215,35,46,34,35,45,20,2,False,81
162,Furret,Normal,,830,415,85,76,64,45,55,90,2,False,161
163,Hoothoot,Normal,Flying,524,262,60,30,30,36,56,50,2,False,90
164,Noctowl,Normal,Flying,884,442,100,50,50,76,96,70,2,False,150
165,Ledyba,Bug,Flying,530,265,40,20,30,40,80,55,2,False,60
166,Ledian,Bug,Flying,780,390,55,35,50,55,110,85,2,False,90
167,Spinarak,Bug,Poison,500,250,40,60,40,40,40,30,2,False,100
168,Ariados,Bug,Poison,780,390,70,90,70,60,60,40,2,False,160
169,Crobat,Poison,Flying,1070,535,85,90,80,70,80,130,2,False,175
170,Chinchou,Water,Electric,660,330,75,38,38,56,56,67,2,False,113
171,Lanturn,Water,Electric,920,460,125,58,58,76,76,67,2,False,183
172,Pichu,Electric,,410,205,20,40,15,35,35,60,2,False,60
173,Cleffa,Fairy,,436,218,50,25,28,45,55,15,2,False,75
174,Igglybuff,Normal,Fairy,420,210,90,30,15,40,20,15,2,False,120
175,Togepi,Fairy,,490,245,35,20,65,40,65,20,2,False,55
176,Togetic,Fairy,Flying,810,405,55,40,85,80,105,40,2,False,95
177,Natu,Psychic,Flying,640,320,40,50,45,70,45,70,2,False,90
178,Xatu,Psychic,Flying,940,470,65,75,70,95,70,95,2,False,140
179,Mareep,Electric,,560,280,55,40,40,65,45,35,2,False,95
180,Flaaffy,Electric,,730,365,70,55,55,80,60,45,2,False,125
181,Ampharos,Electric,,1020,510,90,75,85,115,90,55,2,False,165
181,AmpharosMega Ampharos,Electric,Dragon,1220,610,90,95,105,165,110,45,2,False,185
182,Bellossom,Grass,,980,490,75,80,95,90,100,50,2,False,155
183,Marill,Water,Fairy,500,250,70,20,50,20,50,40,2,False,90
184,Azumarill,Water,Fairy,840,420,100,50,80,60,80,50,2,False,150
185,Sudowoodo,Rock,,820,410,70,100,115,30,65,30,2,False,170
186,Politoed,Water,,1000,500,90,75,75,90,100,70,2,False,165
187,Hoppip,Grass,Flying,500,250,35,35,40,35,55,50,2,False,70
188,Skiploom,Grass,Flying,680,340,55,45,50,45,65,80,2,False,100
189,Jumpluff,Grass,Flying,920,460,75,55,70,55,95,110,2,False,130
190,Aipom,Normal,,720,360,55,70,55,40,55,85,2,False,125
191,Sunkern,Grass,,360,180,30,30,30,30,30,30,2,False,60
192,Sunflora,Grass,,850,425,75,75,55,105,85,30,2,False,150
193,Yanma,Bug,Flying,780,390,65,65,45,75,45,95,2,False,130
194,Wooper,Water,Ground,420,210,55,45,45,25,25,15,2,False,100
195,Quagsire,Water,Ground,860,430,95,85,85,65,65,35,2,False,180
196,Espeon,Psychic,,1050,525,65,65,60,130,95,110,2,False,130
197,Umbreon,Dark,,1050,525,95,65,110,60,130,65,2,False,160
198,Murkrow,Dark,Flying,810,405,60,85,42,85,42,91,2,False,145
199,Slowking,Water,Psychic,980,490,95,75,80,100,110,30,2,False,170
200,Misdreavus,Ghost,,870,435,60,60,60,85,85,85,2,False,120
201,Unown,Psychic,,672,336,48,72,48,72,48,48,2,False,120
202,Wobbuffet,Psychic,,810,405,190,33,58,33,58,33,2,False,223
203,Girafarig,Normal,Psychic,910,455,70,80,65,90,65,85,2,False,150
204,Pineco,Bug,,580,290,50,65,90,35,35,15,2,False,115
205,Forretress,Bug,Steel,930,465,75,90,140,60,60,40,2,False,165
206,Dunsparce,Normal,,830,415,100,70,70,65,65,45,2,False,170
207,Gligar,Ground,Flying,860,430,65,75,105,35,65,85,2,False,140
208,Steelix,Steel,Ground,1020,510,75,85,200,55,65,30,2,False,160
208,SteelixMega Steelix,Steel,Ground,1220,610,75,125,230,55,95,30,2,False,200
209,Snubbull,Fairy,,600,300,60,80,50,40,40,30,2,False,140
210,Granbull,Fairy,,900,450,90,120,75,60,60,45,2,False,210
211,Qwilfish,Water,Poison,860,430,65,95,75,55,55,85,2,False,160
212,Scizor,Bug,Steel,1000,500,70,130,100,55,80,65,2,False,200
212,ScizorMega Scizor,Bug,Steel,1200,600,70,150,140,65,100,75,2,False,220
213,Shuckle,Bug,Rock,1010,505,20,10,230,10,230,5,2,False,30
214,Heracross,Bug,Fighting,1000,500,80,125,75,40,95,85,2,False,205
214,HeracrossMega Heracross,Bug,Fighting,1200,600,80,185,115,40,105,75,2,False,265
215,Sneasel,Dark,Ice,860,430,55,95,55,35,75,115,2,False,150
216,Teddiursa,Normal,,660,330,60,80,50,50,50,40,2,False,140
217,Ursaring,Normal,,1000,500,90,130,75,75,75,55,2,False,220
218,Slugma,Fire,,500,250,40,40,40,70,40,20,2,False,80
219,Magcargo,Fire,Rock,820,410,50,50,120,80,80,30,2,False,100
220,Swinub,Ice,Ground,500,250,50,50,40,30,30,50,2,False,100
221,Piloswine,Ice,Ground,900,450,100,100,80,60,60,50,2,False,200
222,Corsola,Water,Rock,760,380,55,55,85,65,85,35,2,False,110
223,Remoraid,Water,,600,300,35,65,35,65,35,65,2,False,100
224,Octillery,Water,,960,480,75,105,75,105,75,45,2,False,180
225,Delibird,Ice,Flying,660,330,45,55,45,65,45,75,2,False,100
226,Mantine,Water,Flying,930,465,65,40,70,80,140,70,2,False,105
227,Skarmory,Steel,Flying,930,465,65,80,140,40,70,70,2,False,145
228,Houndour,Dark,Fire,660,330,45,60,30,80,50,65,2,False,105
229,Houndoom,Dark,Fire,1000,500,75,90,50,110,80,95,2,False,165
229,HoundoomMega Houndoom,Dark,Fire,1200,600,75,90,90,140,90,115,2,False,165
230,Kingdra,Water,Dragon,1080,540,75,95,95,95,95,85,2,False,170
231,Phanpy,Ground,,660,330,90,60,60,40,40,40,2,False,150
232,Donphan,Ground,,1000,500,90,120,120,60,60,50,2,False,210
233,Porygon2,Normal,,1030,515,85,80,90,105,95,60,2,False,165
234,Stantler,Normal,,930,465,73,95,62,85,65,85,2,False,168
235,Smeargle,Normal,,500,250,55,20,35,20,45,75,2,False,75
236,Tyrogue,Fighting,,420,210,35,35,35,35,35,35,2,False,70
237,Hitmontop,Fighting,,910,455,50,95,95,35,110,70,2,False,145
238,Smoochum,Ice,Psychic,610,305,45,30,15,85,65,65,2,False,75
239,Elekid,Electric,,720,360,45,63,37,65,55,95,2,False,108
240,Magby,Fire,,730,365,45,75,37,70,55,83,2,False,120
241,Miltank,Normal,,980,490,95,80,105,40,70,100,2,False,175
242,Blissey,Normal,,1080,540,255,10,10,75,135,55,2,False,265
243,Raikou,Electric,,1160,580,90,85,75,115,100,115,2,True,175
244,Entei,Fire,,1160,580,115,115,85,90,75,100,2,True,230
245,Suicune,Water,,1160,580,100,75,115,90,115,85,2,True,175
246,Larvitar,Rock,Ground,600,300,50,64,50,45,50,41,2,False,114
247,Pupitar,Rock,Ground,820,410,70,84,70,65,70,51,2,False,154
248,Tyranitar,Rock,Dark,1200,600,100,134,110,95,100,61,2,False,234
248,TyranitarMega Tyranitar,Rock,Dark,1400,700,100,164,150,95,120,71,2,False,264
249,Lugia,Psychic,Flying,1360,680,106,90,130,90,154,110,2,True,196
250,Ho-oh,Fire,Flying,1360,680,106,130,90,110,154,90,2,True,236
251,Celebi,Psychic,Grass,1200,600,100,100,100,100,100,100,2,False,200
252,Treecko,Grass,,620,310,40,45,35,65,55,70,3,False,85
253,Grovyle,Grass,,810,405,50,65,45,85,65,95,3,False,115
254,Sceptile,Grass,,1060,530,70,85,65,105,85,120,3,False,155
254,SceptileMega Sceptile,Grass,Dragon,1260,630,70,110,75,145,85,145,3,False,180
255,Torchic,Fire,,620,310,45,60,40,70,50,45,3,False,105
256,Combusken,Fire,Fighting,810,405,60,85,60,85,60,55,3,False,145
257,Blaziken,Fire,Fighting,1060,530,80,120,70,110,70,80,3,False,200
257,BlazikenMega Blaziken,Fire,Fighting,1260,630,80,160,80,130,80,100,3,False,240
258,Mudkip,Water,,620,310,50,70,50,50,50,40,3,False,120
259,Marshtomp,Water,Ground,810,405,70,85,70,60,70,50,3,False,155
260,Swampert,Water,Ground,1070,535,100,110,90,85,90,60,3,False,210
260,SwampertMega Swampert,Water,Ground,1270,635,100,150,110,95,110,70,3,False,250
261,Poochyena,Dark,,440,220,35,55,35,30,30,35,3,False,90
262,Mightyena,Dark,,840,420,70,90,70,60,60,70,3,False,160
263,Zigzagoon,Normal,,480,240,38,30,41,30,41,60,3,False,68
264,Linoone,Normal,,840,420,78,70,61,50,61,100,3,False,148
265,Wurmple,Bug,,390,195,45,45,35,20,30,20,3,False,90
266,Silcoon,Bug,,410,205,50,35,55,25,25,15,3,False,85
267,Beautifly,Bug,Flying,790,395,60,70,50,100,50,65,3,False,130
268,Cascoon,Bug,,410,205,50,35,55,25,25,15,3,False,85
269,Dustox,Bug,Poison,770,385,60,50,70,50,90,65,3,False,110
270,Lotad,Water,Grass,440,220,40,30,30,40,50,30,3,False,70
271,Lombre,Water,Grass,680,340,60,50,50,60,70,50,3,False,110
272,Ludicolo,Water,Grass,960,480,80,70,70,90,100,70,3,False,150
273,Seedot,Grass,,440,220,40,40,50,30,30,30,3,False,80
274,Nuzleaf,Grass,Dark,680,340,70,70,40,60,40,60,3,False,140
275,Shiftry,Grass,Dark,960,480,90,100,60,90,60,80,3,False,190
276,Taillow,Normal,Flying,540,270,40,55,30,30,30,85,3,False,95
277,Swellow,Normal,Flying,860,430,60,85,60,50,50,125,3,False,145
278,Wingull,Water,Flying,540,270,40,30,30,55,30,85,3,False,70
279,Pelipper,Water,Flying,860,430,60,50,100,85,70,65,3,False,110
280,Ralts,Psychic,Fairy,396,198,28,25,25,45,35,40,3,False,53
281,Kirlia,Psychic,Fairy,556,278,38,35,35,65,55,50,3,False,73
282,Gardevoir,Psychic,Fairy,1036,518,68,65,65,125,115,80,3,False,133
282,GardevoirMega Gardevoir,Psychic,Fairy,1236,618,68,85,65,165,135,100,3,False,153
283,Surskit,Bug,Water,538,269,40,30,32,50,52,65,3,False,70
284,Masquerain,Bug,Flying,828,414,70,60,62,80,82,60,3,False,130
285,Shroomish,Grass,,590,295,60,40,60,40,60,35,3,False,100
286,Breloom,Grass,Fighting,920,460,60,130,80,60,60,70,3,False,190
287,Slakoth,Normal,,560,280,60,60,60,35,35,30,3,False,120
288,Vigoroth,Normal,,880,440,80,80,80,55,55,90,3,False,160
289,Slaking,Normal,,1340,670,150,160,100,95,65,100,3,False,310
290,Nincada,Bug,Ground,532,266,31,45,90,30,30,40,3,False,76
291,Ninjask,Bug,Flying,912,456,61,90,45,50,50,160,3,False,151
292,Shedinja,Bug,Ghost,472,236,1,90,45,30,30,40,3,False,91
293,Whismur,Normal,,480,240,64,51,23,51,23,28,3,False,115
294,Loudred,Normal,,720,360,84,71,43,71,43,48,3,False,155
295,Exploud,Normal,,980,490,104,91,63,91,73,68,3,False,195
296,Makuhita,Fighting,,474,237,72,60,30,20,30,25,3,False,132
297,Hariyama,Fighting,,948,474,144,120,60,40,60,50,3,False,264
298,Azurill,Normal,Fairy,380,190,50,20,40,20,40,20,3,False,70
299,Nosepass,Rock,,750,375,30,45,135,45,90,30,3,False,75
300,Skitty,Normal,,520,260,50,45,45,35,35,50,3,False,95
301,Delcatty,Normal,,760,380,70,65,65,55,55,70,3,False,135
302,Sableye,Dark,Ghost,760,380,50,75,75,65,65,50,3,False,125
302,SableyeMega Sableye,Dark,Ghost,960,480,50,85,125,85,115,20,3,False,135
303,Mawile,Steel,Fairy,760,380,50,85,85,55,55,50,3,False,135
303,MawileMega Mawile,Steel,Fairy,960,480,50,105,125,55,95,50,3,False,155
304,Aron,Steel,Rock,660,330,50,70,100,40,40,30,3,False,120
305,Lairon,Steel,Rock,860,430,60,90,140,50,50,40,3,False,150
306,Aggron,Steel,Rock,1060,530,70,110,180,60,60,50,3,False,180
306,AggronMega Aggron,Steel,,1260,630,70,140,230,60,80,50,3,False,210
307,Meditite,Fighting,Psychic,560,280,30,40,55,40,55,60,3,False,70
308,Medicham,Fighting,Psychic,820,410,60,60,75,60,75,80,3,False,120
308,MedichamMega Medicham,Fighting,Psychic,1020,510,60,100,85,80,85,100,3,False,160
309,Electrike,Electric,,590,295,40,45,40,65,40,65,3,False,85
310,Manectric,Electric,,950,475,70,75,60,105,60,105,3,False,145
310,ManectricMega Manectric,Electric,,1150,575,70,75,80,135,80,135,3,False,145
311,Plusle,Electric,,810,405,60,50,40,85,75,95,3,False,110
312,Minun,Electric,,810,405,60,40,50,75,85,95,3,False,100
313,Volbeat,Bug,,800,400,65,73,55,47,75,85,3,False,138
314,Illumise,Bug,,800,400,65,47,55,73,75,85,3,False,112
315,Roselia,Grass,Poison,800,400,50,60,45,100,80,65,3,False,110
316,Gulpin,Poison,,604,302,70,43,53,43,53,40,3,False,113
317,Swalot,Poison,,934,467,100,73,83,73,83,55,3,False,173
318,Carvanha,Water,Dark,610,305,45,90,20,65,20,65,3,False,135
319,Sharpedo,Water,Dark,920,460,70,120,40,95,40,95,3,False,190
319,SharpedoMega Sharpedo,Water,Dark,1120,560,70,140,70,110,65,105,3,False,210
320,Wailmer,Water,,800,400,130,70,35,70,35,60,3,False,200
321,Wailord,Water,,1000,500,170,90,45,90,45,60,3,False,260
322,Numel,Fire,Ground,610,305,60,60,40,65,45,35,3,False,120
323,Camerupt,Fire,Ground,920,460,70,100,70,105,75,40,3,False,170
323,CameruptMega Camerupt,Fire,Ground,1120,560,70,120,100,145,105,20,3,False,190
324,Torkoal,Fire,,940,470,70,85,140,85,70,20,3,False,155
325,Spoink,Psychic,,660,330,60,25,35,70,80,60,3,False,85
326,Grumpig,Psychic,,940,470,80,45,65,90,110,80,3,False,125
327,Spinda,Normal,,720,360,60,60,60,60,60,60,3,False,120
328,Trapinch,Ground,,580,290,45,100,45,45,45,10,3,False,145
329,Vibrava,Ground,Dragon,680,340,50,70,50,50,50,70,3,False,120
330,Flygon,Ground,Dragon,1040,520,80,100,80,80,80,100,3,False,180
331,Cacnea,Grass,,670,335,50,85,40,85,40,35,3,False,135
332,Cacturne,Grass,Dark,950,475,70,115,60,115,60,55,3,False,185
333,Swablu,Normal,Flying,620,310,45,40,60,40,75,50,3,False,85
334,Altaria,Dragon,Flying,980,490,75,70,90,70,105,80,3,False,145
334,AltariaMega Altaria,Dragon,Fairy,1180,590,75,110,110,110,105,80,3,False,185
335,Zangoose,Normal,,916,458,73,115,60,60,60,90,3,False,188
336,Seviper,Poison,,916,458,73,100,60,100,60,65,3,False,173
337,Lunatone,Rock,Psychic,880,440,70,55,65,95,85,70,3,False,125
338,Solrock,Rock,Psychic,880,440,70,95,85,55,65,70,3,False,165
339,Barboach,Water,Ground,576,288,50,48,43,46,41,60,3,False,98
340,Whiscash,Water,Ground,936,468,110,78,73,76,71,60,3,False,188
341,Corphish,Water,,616,308,43,80,65,50,35,35,3,False,123
342,Crawdaunt,Water,Dark,936,468,63,120,85,90,55,55,3,False,183
343,Baltoy,Ground,Psychic,600,300,40,40,55,40,70,55,3,False,80
344,Claydol,Ground,Psychic,1000,500,60,70,105,70,120,75,3,False,130
345,Lileep,Rock,Grass,710,355,66,41,77,61,87,23,3,False,107
346,Cradily,Rock,Grass,990,495,86,81,97,81,107,43,3,False,167
347,Anorith,Rock,Bug,710,355,45,95,50,40,50,75,3,False,140
348,Armaldo,Rock,Bug,990,495,75,125,100,70,80,45,3,False,200
349,Feebas,Water,,400,200,20,15,20,10,55,80,3,False,35
350,Milotic,Water,,1080,540,95,60,79,100,125,81,3,False,155
351,Castform,Normal,,840,420,70,70,70,70,70,70,3,False,140
352,Kecleon,Normal,,880,440,60,90,70,60,120,40,3,False,150
353,Shuppet,Ghost,,590,295,44,75,35,63,33,45,3,False,119
354,Banette,Ghost,,910,455,64,115,65,83,63,65,3,False,179
354,BanetteMega Banette,Ghost,,1110,555,64,165,75,93,83,75,3,False,229
355,Duskull,Ghost,,590,295,20,40,90,30,90,25,3,False,60
356,Dusclops,Ghost,,910,455,40,70,130,60,130,25,3,False,110
357,Tropius,Grass,Flying,920,460,99,68,83,72,87,51,3,False,167
358,Chimecho,Psychic,,850,425,65,50,70,95,80,65,3,False,115
359,Absol,Dark,,930,465,65,130,60,75,60,75,3,False,195
359,AbsolMega Absol,Dark,,1130,565,65,150,60,115,60,115,3,False,215
360,Wynaut,Psychic,,520,260,95,23,48,23,48,23,3,False,118
361,Snorunt,Ice,,600,300,50,50,50,50,50,50,3,False,100
362,Glalie,Ice,,960,480,80,80,80,80,80,80,3,False,160
362,GlalieMega Glalie,Ice,,1160,580,80,120,80,120,80,100,3,False,200
363,Spheal,Ice,Water,580,290,70,40,50,55,50,25,3,False,110
364,Sealeo,Ice,Water,820,410,90,60,70,75,70,45,3,False,150
365,Walrein,Ice,Water,1060,530,110,80,90,95,90,65,3,False,190
366,Clamperl,Water,,690,345,35,64,85,74,55,32,3,False,99
367,Huntail,Water,,970,485,55,104,105,94,75,52,3,False,159
368,Gorebyss,Water,,970,485,55,84,105,114,75,52,3,False,139
369,Relicanth,Water,Rock,970,485,100,90,130,45,65,55,3,False,190
370,Luvdisc,Water,,660,330,43,30,55,40,65,97,3,False,73
371,Bagon,Dragon,,600,300,45,75,60,40,30,50,3,False,120
372,Shelgon,Dragon,,840,420,65,95,100,60,50,50,3,False,160
373,Salamence,Dragon,Flying,1200,600,95,135,80,110,80,100,3,False,230
373,SalamenceMega Salamence,Dragon,Flying,1400,700,95,145,130,120,90,120,3,False,240
374,Beldum,Steel,Psychic,600,300,40,55,80,35,60,30,3,False,95
375,Metang,Steel,Psychic,840,420,60,75,100,55,80,50,3,False,135
376,Metagross,Steel,Psychic,1200,600,80,135,130,95,90,70,3,False,215
376,MetagrossMega Metagross,Steel,Psychic,1400,700,80,145,150,105,110,110,3,False,225
377,Regirock,Rock,,1160,580,80,100,200,50,100,50,3,True,180
378,Regice,Ice,,1160,580,80,50,100,100,200,50,3,True,130
379,Registeel,Steel,,1160,580,80,75,150,75,150,50,3,True,155
380,Latias,Dragon,Psychic,1200,600,80,80,90,110,130,110,3,True,160
380,LatiasMega Latias,Dragon,Psychic,1400,700,80,100,120,140,150,110,3,True,180
381,Latios,Dragon,Psychic,1200,600,80,90,80,130,110,110,3,True,170
381,LatiosMega Latios,Dragon,Psychic,1400,700,80,130,100,160,120,110,3,True,210
382,Kyogre,Water,,1340,670,100,100,90,150,140,90,3,True,200
382,KyogrePrimal Kyogre,Water,,1540,770,100,150,90,180,160,90,3,True,250
383,Groudon,Ground,,1340,670,100,150,140,100,90,90,3,True,250
383,GroudonPrimal Groudon,Ground,Fire,1540,770,100,180,160,150,90,90,3,True,280
384,Rayquaza,Dragon,Flying,1360,680,105,150,90,150,90,95,3,True,255
384,RayquazaMega Rayquaza,Dragon,Flying,1560,780,105,180,100,180,100,115,3,True,285
385,Jirachi,Steel,Psychic,1200,600,100,100,100,100,100,100,3,True,200
386,DeoxysNormal Forme,Psychic,,1200,600,50,150,50,150,50,150,3,True,200
386,DeoxysAttack Forme,Psychic,,1200,600,50,180,20,180,20,150,3,True,230
386,DeoxysDefense Forme,Psychic,,1200,600,50,70,160,70,160,90,3,True,120
386,DeoxysSpeed Forme,Psychic,,1200,600,50,95,90,95,90,180,3,True,145
387,Turtwig,Grass,,636,318,55,68,64,45,55,31,4,False,123
388,Grotle,Grass,,810,405,75,89,85,55,65,36,4,False,164
389,Torterra,Grass,Ground,1050,525,95,109,105,75,85,56,4,False,204
390,Chimchar,Fire,,618,309,44,58,44,58,44,61,4,False,102
391,Monferno,Fire,Fighting,810,405,64,78,52,78,52,81,4,False,142
392,Infernape,Fire,Fighting,1068,534,76,104,71,104,71,108,4,False,180
393,Piplup,Water,,628,314,53,51,53,61,56,40,4,False,104
394,Prinplup,Water,,810,405,64,66,68,81,76,50,4,False,130
395,Empoleon,Water,Steel,1060,530,84,86,88,111,101,60,4,False,170
396,Starly,Normal,Flying,490,245,40,55,30,30,30,60,4,False,95
397,Staravia,Normal,Flying,680,340,55,75,50,40,40,80,4,False,130
398,Staraptor,Normal,Flying,970,485,85,120,70,50,60,100,4,False,205
399,Bidoof,Normal,,500,250,59,45,40,35,40,31,4,False,104
400,Bibarel,Normal,Water,820,410,79,85,60,55,60,71,4,False,164
401,Kricketot,Bug,,388,194,37,25,41,25,41,25,4,False,62
402,Kricketune,Bug,,768,384,77,85,51,55,51,65,4,False,162
403,Shinx,Electric,,526,263,45,65,34,40,34,45,4,False,110
404,Luxio,Electric,,726,363,60,85,49,60,49,60,4,False,145
405,Luxray,Electric,,1046,523,80,120,79,95,79,70,4,False,200
406,Budew,Grass,Poison,560,280,40,30,35,50,70,55,4,False,70
407,Roserade,Grass,Poison,1030,515,60,70,65,125,105,90,4,False,130
408,Cranidos,Rock,,700,350,67,125,40,30,30,58,4,False,192
409,Rampardos,Rock,,990,495,97,165,60,65,50,58,4,False,262
410,Shieldon,Rock,Steel,700,350,30,42,118,42,88,30,4,False,72
411,Bastiodon,Rock,Steel,990,495,60,52,168,47,138,30,4,False,112
412,Burmy,Bug,,448,224,40,29,45,29,45,36,4,False,69
413,WormadamPlant Cloak,Bug,Grass,848,424,60,59,85,79,105,36,4,False,119
413,WormadamSandy Cloak,Bug,Ground,848,424,60,79,105,59,85,36,4,False,139
413,WormadamTrash Cloak,Bug,Steel,848,424,60,69,95,69,95,36,4,False,129
414,Mothim,Bug,Flying,848,424,70,94,50,94,50,66,4,False,164
415,Combee,Bug,Flying,488,244,30,30,42,30,42,70,4,False,60
416,Vespiquen,Bug,Flying,948,474,70,80,102,80,102,40,4,False,150
417,Pachirisu,Electric,,810,405,60,45,70,45,90,95,4,False,105
418,Buizel,Water,,660,330,55,65,35,60,30,85,4,False,120
419,Floatzel,Water,,990,495,85,105,55,85,50,115,4,False,190
420,Cherubi,Grass,,550,275,45,35,45,62,53,35,4,False,80
421,Cherrim,Grass,,900,450,70,60,70,87,78,85,4,False,130
422,Shellos,Water,,650,325,76,48,48,57,62,34,4,False,124
423,Gastrodon,Water,Ground,950,475,111,83,68,92,82,39,4,False,194
424,Ambipom,Normal,,964,482,75,100,66,60,66,115,4,False,175
425,Drifloon,Ghost,Flying,696,348,90,50,34,60,44,70,4,False,140
426,Drifblim,Ghost,Flying,996,498,150,80,44,90,54,80,4,False,230
427,Buneary,Normal,,700,350,55,66,44,44,56,85,4,False,121
428,Lopunny,Normal,,960,480,65,76,84,54,96,105,4,False,141
428,LopunnyMega Lopunny,Normal,Fighting,1160,580,65,136,94,54,96,135,4,False,201
429,Mismagius,Ghost,,990,495,60,60,60,105,105,105,4,False,120
430,Honchkrow,Dark,Flying,1010,505,100,125,52,105,52,71,4,False,225
431,Glameow,Normal,,620,310,49,55,42,42,37,85,4,False,104
432,Purugly,Normal,,904,452,71,82,64,64,59,112,4,False,153
433,Chingling,Psychic,,570,285,45,30,50,65,50,45,4,False,75
434,Stunky,Poison,Dark,658,329,63,63,47,41,41,74,4,False,126
435,Skuntank,Poison,Dark,958,479,103,93,67,71,61,84,4,False,196
436,Bronzor,Steel,Psychic,600,300,57,24,86,24,86,23,4,False,81
437,Bronzong,Steel,Psychic,1000,500,67,89,116,79,116,33,4,False,156
438,Bonsly,Rock,,580,290,50,80,95,10,45,10,4,False,130
439,Mime Jr.,Psychic,Fairy,620,310,20,25,45,70,90,60,4,False,45
440,Happiny,Normal,,440,220,100,5,5,15,65,30,4,False,105
441,Chatot,Normal,Flying,822,411,76,65,45,92,42,91,4,False,141
442,Spiritomb,Ghost,Dark,970,485,50,92,108,92,108,35,4,False,142
443,Gible,Dragon,Ground,600,300,58,70,45,40,45,42,4,False,128
444,Gabite,Dragon,Ground,820,410,68,90,65,50,55,82,4,False,158
445,Garchomp,Dragon,Ground,1200,600,108,130,95,80,85,102,4,False,238
445,GarchompMega Garchomp,Dragon,Ground,1400,700,108,170,115,120,95,92,4,False,278
446,Munchlax,Normal,,780,390,135,85,40,40,85,5,4,False,220
447,Riolu,Fighting,,570,285,40,70,40,35,40,60,4,False,110
448,Lucario,Fighting,Steel,1050,525,70,110,70,115,70,90,4,False,180
448,LucarioMega Lucario,Fighting,Steel,1250,625,70,145,88,140,70,112,4,False,215
449,Hippopotas,Ground,,660,330,68,72,78,38,42,32,4,False,140
450,Hippowdon,Ground,,1050,525,108,112,118,68,72,47,4,False,220
451,Skorupi,Poison,Bug,660,330,40,50,90,30,55,65,4,False,90
452,Drapion,Poison,Dark,1000,500,70,90,110,60,75,95,4,False,160
453,Croagunk,Poison,Fighting,600,300,48,61,40,61,40,50,4,False,109
454,Toxicroak,Poison,Fighting,980,490,83,106,65,86,65,85,4,False,189
455,Carnivine,Grass,,908,454,74,100,72,90,72,46,4,False,174
456,Finneon,Water,,660,330,49,49,56,49,61,66,4,False,98
457,Lumineon,Water,,920,460,69,69,76,69,86,91,4,False,138
458,Mantyke,Water,Flying,690,345,45,20,50,60,120,50,4,False,65
459,Snover,Grass,Ice,668,334,60,62,50,62,60,40,4,False,122
460,Abomasnow,Grass,Ice,988,494,90,92,75,92,85,60,4,False,182
460,AbomasnowMega Abomasnow,Grass,Ice,1188,594,90,132,105,132,105,30,4,False,222
461,Weavile,Dark,Ice,1020,510,70,120,65,45,85,125,4,False,190
462,Magnezone,Electric,Steel,1070,535,70,70,115,130,90,60,4,False,140
463,Lickilicky,Normal,,1030,515,110,85,95,80,95,50,4,False,195
464,Rhyperior,Ground,Rock,1070,535,115,140,130,55,55,40,4,False,255
465,Tangrowth,Grass,,1070,535,100,100,125,110,50,50,4,False,200
466,Electivire,Electric,,1080,540,75,123,67,95,85,95,4,False,198
467,Magmortar,Fire,,1080,540,75,95,67,125,95,83,4,False,170
468,Togekiss,Fairy,Flying,1090,545,85,50,95,120,115,80,4,False,135
469,Yanmega,Bug,Flying,1030,515,86,76,86,116,56,95,4,False,162
470,Leafeon,Grass,,1050,525,65,110,130,60,65,95,4,False,175
471,Glaceon,Ice,,1050,525,65,60,110,130,95,65,4,False,125
472,Gliscor,Ground,Flying,1020,510,75,95,125,45,75,95,4,False,170
473,Mamoswine,Ice,Ground,1060,530,110,130,80,70,60,80,4,False,240
474,Porygon-Z,Normal,,1070,535,85,80,70,135,75,90,4,False,165
475,Gallade,Psychic,Fighting,1036,518,68,125,65,65,115,80,4,False,193
475,GalladeMega Gallade,Psychic,Fighting,1236,618,68,165,95,65,115,110,4,False,233
476,Probopass,Rock,Steel,1050,525,60,55,145,75,150,40,4,False,115
477,Dusknoir,Ghost,,1050,525,45,100,135,65,135,45,4,False,145
478,Froslass,Ice,Ghost,960,480,70,80,70,80,70,110,4,False,150
479,Rotom,Electric,Ghost,880,440,50,50,77,95,77,91,4,False,100
479,RotomHeat Rotom,Electric,Fire,1040,520,50,65,107,105,107,86,4,False,115
479,RotomWash Rotom,Electric,Water,1040,520,50,65,107,105,107,86,4,False,115
479,RotomFrost Rotom,Electric,Ice,1040,520,50,65,107,105,107,86,4,False,115
479,RotomFan Rotom,Electric,Flying,1040,520,50,65,107,105,107,86,4,False,115
479,RotomMow Rotom,Electric,Grass,1040,520,50,65,107,105,107,86,4,False,115
480,Uxie,Psychic,,1160,580,75,75,130,75,130,95,4,True,150
481,Mesprit,Psychic,,1160,580,80,105,105,105,105,80,4,True,185
482,Azelf,Psychic,,1160,580,75,125,70,125,70,115,4,True,200
483,Dialga,Steel,Dragon,1360,680,100,120,120,150,100,90,4,True,220
484,Palkia,Water,Dragon,1360,680,90,120,100,150,120,100,4,True,210
485,Heatran,Fire,Steel,1200,600,91,90,106,130,106,77,4,True,181
486,Regigigas,Normal,,1340,670,110,160,110,80,110,100,4,True,270
487,GiratinaAltered Forme,Ghost,Dragon,1360,680,150,100,120,100,120,90,4,True,250
487,GiratinaOrigin Forme,Ghost,Dragon,1360,680,150,120,100,120,100,90,4,True,270
488,Cresselia,Psychic,,1200,600,120,70,120,75,130,85,4,False,190
489,Phione,Water,,960,480,80,80,80,80,80,80,4,False,160
490,Manaphy,Water,,1200,600,100,100,100,100,100,100,4,False,200
491,Darkrai,Dark,,1200,600,70,90,90,135,90,125,4,True,160
492,ShayminLand Forme,Grass,,1200,600,100,100,100,100,100,100,4,True,200
492,ShayminSky Forme,Grass,Flying,1200,600,100,103,75,120,75,127,4,True,203
493,Arceus,Normal,,1440,720,120,120,120,120,120,120,4,True,240
494,Victini,Psychic,Fire,1200,600,100,100,100,100,100,100,5,True,200
495,Snivy,Grass,,616,308,45,45,55,45,55,63,5,False,90
496,Servine,Grass,,826,413,60,60,75,60,75,83,5,False,120
497,Serperior,Grass,,1056,528,75,75,95,75,95,113,5,False,150
498,Tepig,Fire,,616,308,65,63,45,45,45,45,5,False,128
499,Pignite,Fire,Fighting,836,418,90,93,55,70,55,55,5,False,183
500,Emboar,Fire,Fighting,1056,528,110,123,65,100,65,65,5,False,233
501,Oshawott,Water,,616,308,55,55,45,63,45,45,5,False,110
502,Dewott,Water,,826,413,75,75,60,83,60,60,5,False,150
503,Samurott,Water,,1056,528,95,100,85,108,70,70,5,False,195
504,Patrat,Normal,,510,255,45,55,39,35,39,42,5,False,100
505,Watchog,Normal,,840,420,60,85,69,60,69,77,5,False,145
506,Lillipup,Normal,,550,275,45,60,45,25,45,55,5,False,105
507,Herdier,Normal,,740,370,65,80,65,35,65,60,5,False,145
508,Stoutland,Normal,,1000,500,85,110,90,45,90,80,5,False,195
509,Purrloin,Dark,,562,281,41,50,37,50,37,66,5,False,91
510,Liepard,Dark,,892,446,64,88,50,88,50,106,5,False,152
511,Pansage,Grass,,632,316,50,53,48,53,48,64,5,False,103
512,Simisage,Grass,,996,498,75,98,63,98,63,101,5,False,173
513,Pansear,Fire,,632,316,50,53,48,53,48,64,5,False,103
514,Simisear,Fire,,996,498,75,98,63,98,63,101,5,False,173
515,Panpour,Water,,632,316,50,53,48,53,48,64,5,False,103
516,Simipour,Water,,996,498,75,98,63,98,63,101,5,False,173
517,Munna,Psychic,,584,292,76,25,45,67,55,24,5,False,101
518,Musharna,Psychic,,974,487,116,55,85,107,95,29,5,False,171
519,Pidove,Normal,Flying,528,264,50,55,50,36,30,43,5,False,105
520,Tranquill,Normal,Flying,716,358,62,77,62,50,42,65,5,False,139
521,Unfezant,Normal,Flying,976,488,80,115,80,65,55,93,5,False,195
522,Blitzle,Electric,,590,295,45,60,32,50,32,76,5,False,105
523,Zebstrika,Electric,,994,497,75,100,63,80,63,116,5,False,175
524,Roggenrola,Rock,,560,280,55,75,85,25,25,15,5,False,130
525,Boldore,Rock,,780,390,70,105,105,50,40,20,5,False,175
526,Gigalith,Rock,,1030,515,85,135,130,60,80,25,5,False,220
527,Woobat,Psychic,Flying,626,313,55,45,43,55,43,72,5,False,100
528,Swoobat,Psychic,Flying,850,425,67,57,55,77,55,114,5,False,124
529,Drilbur,Ground,,656,328,60,85,40,30,45,68,5,False,145
530,Excadrill,Ground,Steel,1016,508,110,135,60,50,65,88,5,False,245
531,Audino,Normal,,890,445,103,60,86,60,86,50,5,False,163
531,AudinoMega Audino,Normal,Fairy,1090,545,103,60,126,80,126,50,5,False,163
532,Timburr,Fighting,,610,305,75,80,55,25,35,35,5,False,155
533,Gurdurr,Fighting,,810,405,85,105,85,40,50,40,5,False,190
534,Conkeldurr,Fighting,,1010,505,105,140,95,55,65,45,5,False,245
535,Tympole,Water,,588,294,50,50,40,50,40,64,5,False,100
536,Palpitoad,Water,Ground,768,384,75,65,55,65,55,69,5,False,140
537,Seismitoad,Water,Ground,1018,509,105,95,75,85,75,74,5,False,200
538,Throh,Fighting,,930,465,120,100,85,30,85,45,5,False,220
539,Sawk,Fighting,,930,465,75,125,75,30,75,85,5,False,200
540,Sewaddle,Bug,Grass,620,310,45,53,70,40,60,42,5,False,98
541,Swadloon,Bug,Grass,760,380,55,63,90,50,80,42,5,False,118
542,Leavanny,Bug,Grass,1000,500,75,103,80,70,80,92,5,False,178
543,Venipede,Bug,Poison,520,260,30,45,59,30,39,57,5,False,75
544,Whirlipede,Bug,Poison,720,360,40,55,99,40,79,47,5,False,95
545,Scolipede,Bug,Poison,970,485,60,100,89,55,69,112,5,False,160
546,Cottonee,Grass,Fairy,560,280,40,27,60,37,50,66,5,False,67
547,Whimsicott,Grass,Fairy,960,480,60,67,85,77,75,116,5,False,127
548,Petilil,Grass,,560,280,45,35,50,70,50,30,5,False,80
549,Lilligant,Grass,,960,480,70,60,75,110,75,90,5,False,130
550,Basculin,Water,,920,460,70,92,65,80,55,98,5,False,162
551,Sandile,Ground,Dark,584,292,50,72,35,35,35,65,5,False,122
552,Krokorok,Ground,Dark,702,351,60,82,45,45,45,74,5,False,142
553,Krookodile,Ground,Dark,1038,519,95,117,80,65,70,92,5,False,212
554,Darumaka,Fire,,630,315,70,90,45,15,45,50,5,False,160
555,DarmanitanStandard Mode,Fire,,960,480,105,140,55,30,55,95,5,False,245
555,DarmanitanZen Mode,Fire,Psychic,1080,540,105,30,105,140,105,55,5,False,135
556,Maractus,Grass,,922,461,75,86,67,106,67,60,5,False,161
557,Dwebble,Bug,Rock,650,325,50,65,85,35,35,55,5,False,115
558,Crustle,Bug,Rock,950,475,70,95,125,65,75,45,5,False,165
559,Scraggy,Dark,Fighting,696,348,50,75,70,35,70,48,5,False,125
560,Scrafty,Dark,Fighting,976,488,65,90,115,45,115,58,5,False,155
561,Sigilyph,Psychic,Flying,980,490,72,58,80,103,80,97,5,False,130
562,Yamask,Ghost,,606,303,38,30,85,55,65,30,5,False,68
563,Cofagrigus,Ghost,,966,483,58,50,145,95,105,30,5,False,108
564,Tirtouga,Water,Rock,710,355,54,78,103,53,45,22,5,False,132
565,Carracosta,Water,Rock,990,495,74,108,133,83,65,32,5,False,182
566,Archen,Rock,Flying,802,401,55,112,45,74,45,70,5,False,167
567,Archeops,Rock,Flying,1134,567,75,140,65,112,65,110,5,False,215
568,Trubbish,Poison,,658,329,50,50,62,40,62,65,5,False,100
569,Garbodor,Poison,,948,474,80,95,82,60,82,75,5,False,175
570,Zorua,Dark,,660,330,40,65,40,80,40,65,5,False,105
571,Zoroark,Dark,,1020,510,60,105,60,120,60,105,5,False,165
572,Minccino,Normal,,600,300,55,50,40,40,40,75,5,False,105
573,Cinccino,Normal,,940,470,75,95,60,65,60,115,5,False,170
574,Gothita,Psychic,,580,290,45,30,50,55,65,45,5,False,75
575,Gothorita,Psychic,,780,390,60,45,70,75,85,55,5,False,105
576,Gothitelle,Psychic,,980,490,70,55,95,95,110,65,5,False,125
577,Solosis,Psychic,,580,290,45,30,40,105,50,20,5,False,75
578,Duosion,Psychic,,740,370,65,40,50,125,60,30,5,False,105
579,Reuniclus,Psychic,,980,490,110,65,75,125,85,30,5,False,175
580,Ducklett,Water,Flying,610,305,62,44,50,44,50,55,5,False,106
581,Swanna,Water,Flying,946,473,75,87,63,87,63,98,5,False,162
582,Vanillite,Ice,,610,305,36,50,50,65,60,44,5,False,86
583,Vanillish,Ice,,790,395,51,65,65,80,75,59,5,False,116
584,Vanilluxe,Ice,,1070,535,71,95,85,110,95,79,5,False,166
585,Deerling,Normal,Grass,670,335,60,60,50,40,50,75,5,False,120
586,Sawsbuck,Normal,Grass,950,475,80,100,70,60,70,95,5,False,180
587,Emolga,Electric,Flying,856,428,55,75,60,75,60,103,5,False,130
588,Karrablast,Bug,,630,315,50,75,45,40,45,60,5,False,125
589,Escavalier,Bug,Steel,990,495,70,135,105,60,105,20,5,False,205
590,Foongus,Grass,Poison,588,294,69,55,45,55,55,15,5,False,124
591,Amoonguss,Grass,Poison,928,464,114,85,70,85,80,30,5,False,199
592,Frillish,Water,Ghost,670,335,55,40,50,65,85,40,5,False,95
593,Jellicent,Water,Ghost,960,480,100,60,70,85,105,60,5,False,160
594,Alomomola,Water,,940,470,165,75,80,40,45,65,5,False,240
595,Joltik,Bug,Electric,638,319,50,47,50,57,50,65,5,False,97
596,Galvantula,Bug,Electric,944,472,70,77,60,97,60,108,5,False,147
597,Ferroseed,Grass,Steel,610,305,44,50,91,24,86,10,5,False,94
598,Ferrothorn,Grass,Steel,978,489,74,94,131,54,116,20,5,False,168
599,Klink,Steel,,600,300,40,55,70,45,60,30,5,False,95
600,Klang,Steel,,880,440,60,80,95,70,85,50,5,False,140
601,Klinklang,Steel,,1040,520,60,100,115,70,85,90,5,False,160
602,Tynamo,Electric,,550,275,35,55,40,45,40,60,5,False,90
603,Eelektrik,Electric,,810,405,65,85,70,75,70,40,5,False,150
604,Eelektross,Electric,,1030,515,85,115,80,105,80,50,5,False,200
605,Elgyem,Psychic,,670,335,55,55,55,85,55,30,5,False,110
606,Beheeyem,Psychic,,970,485,75,75,75,125,95,40,5,False,150
607,Litwick,Ghost,Fire,550,275,50,30,55,65,55,20,5,False,80
608,Lampent,Ghost,Fire,740,370,60,40,60,95,60,55,5,False,100
609,Chandelure,Ghost,Fire,1040,520,60,55,90,145,90,80,5,False,115
610,Axew,Dragon,,640,320,46,87,60,30,40,57,5,False,133
611,Fraxure,Dragon,,820,410,66,117,70,40,50,67,5,False,183
612,Haxorus,Dragon,,1080,540,76,147,90,60,70,97,5,False,223
613,Cubchoo,Ice,,610,305,55,70,40,60,40,40,5,False,125
614,Beartic,Ice,,970,485,95,110,80,70,80,50,5,False,205
615,Cryogonal,Ice,,970,485,70,50,30,95,135,105,5,False,120
616,Shelmet,Bug,,610,305,50,40,85,40,65,25,5,False,90
617,Accelgor,Bug,,990,495,80,70,40,100,60,145,5,False,150
618,Stunfisk,Ground,Electric,942,471,109,66,84,81,99,32,5,False,175
619,Mienfoo,Fighting,,700,350,45,85,50,55,50,65,5,False,130
620,Mienshao,Fighting,,1020,510,65,125,60,95,60,105,5,False,190
621,Druddigon,Dragon,,970,485,77,120,90,60,90,48,5,False,197
622,Golett,Ground,Ghost,606,303,59,74,50,35,50,35,5,False,133
623,Golurk,Ground,Ghost,966,483,89,124,80,55,80,55,5,False,213
624,Pawniard,Dark,Steel,680,340,45,85,70,40,40,60,5,False,130
625,Bisharp,Dark,Steel,980,490,65,125,100,60,70,70,5,False,190
626,Bouffalant,Normal,,980,490,95,110,95,40,95,55,5,False,205
627,Rufflet,Normal,Flying,700,350,70,83,50,37,50,60,5,False,153
628,Braviary,Normal,Flying,1020,510,100,123,75,57,75,80,5,False,223
629,Vullaby,Dark,Flying,740,370,70,55,75,45,65,60,5,False,125
630,Mandibuzz,Dark,Flying,1020,510,110,65,105,55,95,80,5,False,175
631,Heatmor,Fire,,968,484,85,97,66,105,66,65,5,False,182
632,Durant,Bug,Steel,968,484,58,109,112,48,48,109,5,False,167
633,Deino,Dark,Dragon,600,300,52,65,50,45,50,38,5,False,117
634,Zweilous,Dark,Dragon,840,420,72,85,70,65,70,58,5,False,157
635,Hydreigon,Dark,Dragon,1200,600,92,105,90,125,90,98,5,False,197
636,Larvesta,Bug,Fire,720,360,55,85,55,50,55,60,5,False,140
637,Volcarona,Bug,Fire,1100,550,85,60,65,135,105,100,5,False,145
638,Cobalion,Steel,Fighting,1160,580,91,90,129,90,72,108,5,True,181
639,Terrakion,Rock,Fighting,1160,580,91,129,90,72,90,108,5,True,220
640,Virizion,Grass,Fighting,1160,580,91,90,72,90,129,108,5,True,181
641,TornadusIncarnate Forme,Flying,,1160,580,79,115,70,125,80,111,5,True,194
641,TornadusTherian Forme,Flying,,1160,580,79,100,80,110,90,121,5,True,179
642,ThundurusIncarnate Forme,Electric,Flying,1160,580,79,115,70,125,80,111,5,True,194
642,ThundurusTherian Forme,Electric,Flying,1160,580,79,105,70,145,80,101,5,True,184
643,Reshiram,Dragon,Fire,1360,680,100,120,100,150,120,90,5,True,220
644,Zekrom,Dragon,Electric,1360,680,100,150,120,120,100,90,5,True,250
645,LandorusIncarnate Forme,Ground,Flying,1200,600,89,125,90,115,80,101,5,True,214
645,LandorusTherian Forme,Ground,Flying,1200,600,89,145,90,105,80,91,5,True,234
646,Kyurem,Dragon,Ice,1320,660,125,130,90,130,90,95,5,True,255
646,KyuremBlack Kyurem,Dragon,Ice,1400,700,125,170,100,120,90,95,5,True,295
646,KyuremWhite Kyurem,Dragon,Ice,1400,700,125,120,90,170,100,95,5,True,245
647,KeldeoOrdinary Forme,Water,Fighting,1160,580,91,72,90,129,90,108,5,False,163
647,KeldeoResolute Forme,Water,Fighting,1160,580,91,72,90,129,90,108,5,False,163
648,MeloettaAria Forme,Normal,Psychic,1200,600,100,77,77,128,128,90,5,False,177
648,MeloettaPirouette Forme,Normal,Fighting,1200,600,100,128,90,77,77,128,5,False,228
649,Genesect,Bug,Steel,1200,600,71,120,95,120,95,99,5,False,191
650,Chespin,Grass,,626,313,56,61,65,48,45,38,6,False,117
651,Quilladin,Grass,,810,405,61,78,95,56,58,57,6,False,139
652,Chesnaught,Grass,Fighting,1060,530,88,107,122,74,75,64,6,False,195
653,Fennekin,Fire,,614,307,40,45,40,62,60,60,6,False,85
654,Braixen,Fire,,818,409,59,59,58,90,70,73,6,False,118
655,Delphox,Fire,Psychic,1068,534,75,69,72,114,100,104,6,False,144
656,Froakie,Water,,628,314,41,56,40,62,44,71,6,False,97
657,Frogadier,Water,,810,405,54,63,52,83,56,97,6,False,117
658,Greninja,Water,Dark,1060,530,72,95,67,103,71,122,6,False,167
659,Bunnelby,Normal,,474,237,38,36,38,32,36,57,6,False,74
660,Diggersby,Normal,Ground,846,423,85,56,77,50,77,78,6,False,141
661,Fletchling,Normal,Flying,556,278,45,50,43,40,38,62,6,False,95
662,Fletchinder,Fire,Flying,764,382,62,73,55,56,52,84,6,False,135
663,Talonflame,Fire,Flying,998,499,78,81,71,74,69,126,6,False,159
664,Scatterbug,Bug,,400,200,38,35,40,27,25,35,6,False,73
665,Spewpa,Bug,,426,213,45,22,60,27,30,29,6,False,67
666,Vivillon,Bug,Flying,822,411,80,52,50,90,50,89,6,False,132
667,Litleo,Fire,Normal,738,369,62,50,58,73,54,72,6,False,112
668,Pyroar,Fire,Normal,1014,507,86,68,72,109,66,106,6,False,154
669,Flabébé,Fairy,,606,303,44,38,39,61,79,42,6,False,82
670,Floette,Fairy,,742,371,54,45,47,75,98,52,6,False,99
671,Florges,Fairy,,1104,552,78,65,68,112,154,75,6,False,143
672,Skiddo,Grass,,700,350,66,65,48,62,57,52,6,False,131
673,Gogoat,Grass,,1062,531,123,100,62,97,81,68,6,False,223
674,Pancham,Fighting,,696,348,67,82,62,46,48,43,6,False,149
675,Pangoro,Fighting,Dark,990,495,95,124,78,69,71,58,6,False,219
676,Furfrou,Normal,,944,472,75,80,60,65,90,102,6,False,155
677,Espurr,Psychic,,710,355,62,48,54,63,60,68,6,False,110
678,MeowsticMale,Psychic,,932,466,74,48,76,83,81,104,6,False,122
678,MeowsticFemale,Psychic,,932,466,74,48,76,83,81,104,6,False,122
679,Honedge,Steel,Ghost,650,325,45,80,100,35,37,28,6,False,125
680,Doublade,Steel,Ghost,896,448,59,110,150,45,49,35,6,False,169
681,AegislashBlade Forme,Steel,Ghost,1040,520,60,150,50,150,50,60,6,False,210
681,AegislashShield Forme,Steel,Ghost,1040,520,60,50,150,50,150,60,6,False,110
682,Spritzee,Fairy,,682,341,78,52,60,63,65,23,6,False,130
683,Aromatisse,Fairy,,924,462,101,72,72,99,89,29,6,False,173
684,Swirlix,Fairy,,682,341,62,48,66,59,57,49,6,False,110
685,Slurpuff,Fairy,,960,480,82,80,86,85,75,72,6,False,162
686,Inkay,Dark,Psychic,576,288,53,54,53,37,46,45,6,False,107
687,Malamar,Dark,Psychic,964,482,86,92,88,68,75,73,6,False,178
688,Binacle,Rock,Water,612,306,42,52,67,39,56,50,6,False,94
689,Barbaracle,Rock,Water,1000,500,72,105,115,54,86,68,6,False,177
690,Skrelp,Poison,Water,640,320,50,60,60,60,60,30,6,False,110
691,Dragalge,Poison,Dragon,988,494,65,75,90,97,123,44,6,False,140
692,Clauncher,Water,,660,330,50,53,62,58,63,44,6,False,103
693,Clawitzer,Water,,1000,500,71,73,88,120,89,59,6,False,144
694,Helioptile,Electric,Normal,578,289,44,38,33,61,43,70,6,False,82
695,Heliolisk,Electric,Normal,962,481,62,55,52,109,94,109,6,False,117
696,Tyrunt,Rock,Dragon,724,362,58,89,77,45,45,48,6,False,147
697,Tyrantrum,Rock,Dragon,1042,521,82,121,119,69,59,71,6,False,203
698,Amaura,Rock,Ice,724,362,77,59,50,67,63,46,6,False,136
699,Aurorus,Rock,Ice,1042,521,123,77,72,99,92,58,6,False,200
700,Sylveon,Fairy,,1050,525,95,65,65,110,130,60,6,False,160
701,Hawlucha,Fighting,Flying,1000,500,78,92,75,74,63,118,6,False,170
702,Dedenne,Electric,Fairy,862,431,67,58,57,81,67,101,6,False,125
703,Carbink,Rock,Fairy,1000,500,50,50,150,50,150,50,6,False,100
704,Goomy,Dragon,,600,300,45,50,35,55,75,40,6,False,95
705,Sliggoo,Dragon,,904,452,68,75,53,83,113,60,6,False,143
706,Goodra,Dragon,,1200,600,90,100,70,110,150,80,6,False,190
707,Klefki,Steel,Fairy,940,470,57,80,91,80,87,75,6,False,137
708,Phantump,Ghost,Grass,618,309,43,70,48,50,60,38,6,False,113
709,Trevenant,Ghost,Grass,948,474,85,110,76,65,82,56,6,False,195
710,PumpkabooAverage Size,Ghost,Grass,670,335,49,66,70,44,55,51,6,False,115
710,PumpkabooSmall Size,Ghost,Grass,670,335,44,66,70,44,55,56,6,False,110
710,PumpkabooLarge Size,Ghost,Grass,670,335,54,66,70,44,55,46,6,False,120
710,PumpkabooSuper Size,Ghost,Grass,670,335,59,66,70,44,55,41,6,False,125
711,GourgeistAverage Size,Ghost,Grass,988,494,65,90,122,58,75,84,6,False,155
711,GourgeistSmall Size,Ghost,Grass,988,494,55,85,122,58,75,99,6,False,140
711,GourgeistLarge Size,Ghost,Grass,988,494,75,95,122,58,75,69,6,False,170
711,GourgeistSuper Size,Ghost,Grass,988,494,85,100,122,58,75,54,6,False,185
712,Bergmite,Ice,,608,304,55,69,85,32,35,28,6,False,124
713,Avalugg,Ice,,1028,514,95,117,184,44,46,28,6,False,212
714,Noibat,Flying,Dragon,490,245,40,30,35,45,40,55,6,False,70
715,Noivern,Flying,Dragon,1070,535,85,70,80,97,80,123,6,False,155
716,Xerneas,Fairy,,1360,680,126,131,95,131,98,99,6,True,257
717,Yveltal,Dark,Flying,1360,680,126,131,95,131,98,99,6,True,257
718,Zygarde50% Forme,Dragon,Ground,1200,600,108,100,121,81,95,95,6,True,208
719,Diancie,Rock,Fairy,1200,600,50,100,150,100,150,50,6,True,150
719,DiancieMega Diancie,Rock,Fairy,1400,700,50,160,110,160,110,110,6,True,210
720,HoopaHoopa Confined,Psychic,Ghost,1200,600,80,110,60,150,130,70,6,True,190
720,HoopaHoopa Unbound,Psychic,Dark,1360,680,80,160,60,170,130,80,6,True,240
721,Volcanion,Fire,Water,1200,600,80,110,120,130,90,70,6,True,190
